{
  "project_info": {
    "project_number": "240098345234",
    "firebase_url": "https://opsc7311task219005324.firebaseio.com",
    "project_id": "opsc7311task219005324",
    "storage_bucket": "opsc7311task219005324.appspot.com"
  },
  "client": [
    {
      "client_info": {
        "mobilesdk_app_id": "1:240098345234:android:23c8bb82889492f9ac33cb",
        "android_client_info": {
          "package_name": "com.enteben19005324.opsc7311_task2_19005324"
        }
      },
      "oauth_client": [
        {
          "client_id": "240098345234-lio2cqusjl1ugbbq6l4plchfovodvq8f.apps.googleusercontent.com",
          "client_type": 1,
          "android_info": {
            "package_name": "com.enteben19005324.opsc7311_task2_19005324",
            "certificate_hash": "d400c01c27034babbcf47e34673be06f2c6226b9"
          }
        },
        {
          "client_id": "240098345234-21tgjalgkf907bsuqn4sg52coa0gtm4f.apps.googleusercontent.com",
          "client_type": 3
        }
      ],
      "api_key": [
        {
          "current_key": "AIzaSyC5IrrLw4vnM-Zuay_Tasj1JCEfIkH_-PM"
        }
      ],
      "services": {
        "appinvite_service": {
          "other_platform_oauth_client": [
            {
              "client_id": "240098345234-21tgjalgkf907bsuqn4sg52coa0gtm4f.apps.googleusercontent.com",
              "client_type": 3
            }
          ]
        }
      }
    }
  ],
  "configuration_version": "1"
}